,Secteur
Oulfa,278
Sidi Moumen,171
Aïn Sebaâ,165
Sidi Bernoussi,161
Hay Mohammadi,147
Centre Ville,145
Maarif,139
Sidi Maarouf,132
Agdal,120
Guéliz,115
Sala el Jadida,106
Bourgogne,99
Centre,98
Centre ville,95
Mimosas,91
Wifak,89
Hay Hassani,85
Belvédère,82
Hay Salam,80
M'Hamid,79
Marjane 2,73
Aïn Chock,73
Mabrouka,65
Hay Chmaou,64
2 Mars,63
Tabriquet,61
Sidi Hajji,58
Hay Essalam,57
Lissasfa,55
Hay Izdihar,53
Aïn Borja,51
La Gironde,50
Californie,49
Marjane,48
Hay Riad,47
Mesnana,46
Val Fleuri,45
Oued Fès,44
La Ville Haute,43
Hay Charaf,41
Quartier de l'Océan,40
Malabata,39
Les Portes de Marrakech,39
Hamria,38
Maamora,36
El Bassatine,35
Bir Rami,35
Anfa,35
El Alia,34
Abouab Sala,33
Roches Noires,33
Quartier des Hôpitaux,33
Beauséjour,32
Wislane,32
El Haddada,31
Harhoura,31
Route de Casablanca,29
Sidi Othmane,29
Narjis,29
Al Qods,28
Yacoub El Mansour,28
Moujahidine,28
Ville Nouvelle,28
Saada,27
Diour Jamaa,27
Ben Souda,27
Ben M'sick,27
Hay Nahda,25
Massira,25
Es Saada,25
Nassim,25
Plage Oued Cherrat,24
Sbata,24
El Houda,24
Ouled Tayeb,24
Zouagha,23
Wafa,22
Hay el Fath,22
Route de Sefrou,22
Allal El Fassi,22
Les Princesses,22
Quartier Aérodrome,22
Hay Oued Dahab,22
Guich Oudaya,21
Wilaya,21
Mers Sultan,21
Derb Ghallef,20
Ahlane,20
Hay Moulay Rachid,20
Quartier du Parc,19
Massira 2,19
Abbadi,19
Gauthier,19
Al Fida,19
Casablanca Finance City,19
Najd,19
Racine,19
Route d'Azemmour,19
Hay Rahma,19
Massira 1,19
Azzouzia,18
Mghogha,18
Haut-Founty,18
Targa,18
Bettana,17
Ouled Oujih,17
Palmier,16
Zemmouri,16
Skikina,16
Hassan,16
Bournazil,16
Achakar,16
Aouama Gharbia,15
Saies,15
Val Fleury,14
Route de Safi,14
El Majd,14
Ain Mezouar,14
Medina,14
Hay Dakhla,14
Oasis,14
Av Abdelkrim El Khattabi,13
Aida,13
Safir,13
Corniche,13
Aviation,13
Azli,13
La Siesta,13
Hay Saada,12
Administratif,12
Branes 2,12
Riad Toulal,12
Quartier Industriel,12
Hay Lazaret,11
Moulay Youssef,11
Cité Adrar,11
Hay Atlas,11
Maghreb Arabi,11
Tilila,10
Hay Al Matar,10
Boustane,10
Andalous,10
Hay El Andalous,10
De La Plage,10
Mont fleuri,10
Al Kawtar,10
C.I.L,10
Hay Targa,10
Kouilma,10
Sidi Bouzekri,9
Mhannech,9
Route d'El Jadida,9
Mont Fleuri 2,9
Derb Omar,9
Tghat,8
Daoudiate,8
Hay salam,8
Fès Médina,8
Amal,8
Castilla,8
Sidi Abdellah,8
Ferme Bretone,8
El Matar,8
Sakani,8
Palmeraie,8
El Baraka,8
Tanger City Center,8
El Qaria,8
Al Boustane,8
Aharrarine,7
Du Golf,7
Touilaa,7
Av Mohammed VI,7
Jawhara,7
Laimoune,7
Route Jerada,7
Narjiss,7
Amerchich,7
Hay Massira,6
Hay Alfalah,6
Bab Sebta,6
Sidi Yahya,6
Partie Est,6
Taboula,6
Smaâla,6
Al Azhar,6
Triangle d'Or,6
Massira 3,6
Hay zitoune,6
Issil,6
Hay Alqods,6
Iberie,6
Al Hadiqa,6
Ziana,5
Al Batha,5
Alaouiyine,5
Zone Industrielle Agadir,5
Cité Militaire,5
Ancienne Médina,5
Hoda,5
Ain Haroun,5
Rachidia,5
Hay Inbiat,5
Marina,5
Sidi Abbad,5
Hay Al Horria,5
Tantonville,5
Dar El Lhamra,5
Riad 1,5
Taïbia,5
Hay Al Falah,5
Hay Karima,5
Nahda-2,5
Les Orangers,5
Fouarate,5
Bir Rami Est,5
Zitoune,5
Sidi Moussa,5
Oued Eddahab,4
Bab Fès,4
Amsernate,4
El Ismailia,4
Ain el Hayat,4
Nouvelle Ville,4
Hay Al Amal,4
Zone Industrielle Moulay Rachid,4
Hay El Qods,4
Al Wifaq,4
Mellah,4
Hay Inara,4
Bab Al Bahr,4
Hassania 1,4
Iris,4
Assaka,4
Hermitage,4
Afaq,4
Biranzarane,4
Riviera,4
Route d'Agadir - Essaouira,4
Hay Al Farah,4
Bouaakkaz,4
Semlalia,4
Al Moustakbal,4
Drissia,4
Khabazat,4
Majorelle,4
Seyad,4
Aïn Diab,4
Jnan El ward,4
Hay Moulay Rachid 4,4
Bd Moulay Abdellah,4
Hivernage,4
Mozart,4
Assam,3
Haut Agdal,3
Médina de Rabat,3
El Assam,3
Branes 1,3
Hay Moulay Ismail,3
Tafoukt,3
Village,3
Ghazoua,3
Médina,3
Hay Annasr,3
Nahda-1,3
Hay saada,3
Hay Ouifak,3
La Colline,3
Mabella,3
Dar Assalam,3
Plateau,3
Mania,3
Taddart Anza,3
Victor Hugo,3
Fassi,3
Souani,3
Florida,3
Dar Dbibagh,3
Le bord de mer,3
Hay Sadri,3
Talaa,3
Amicales,3
El Haouzia,3
Yassmine,3
Souissi,3
Essaouira El Jadida,3
Sonaba,3
Riad 2,3
Fath el Kheir,3
Annakhil,3
Haut Anza,3
Ijennane,3
Hay Nassim,3
Miftah el kheir,3
Belkhiat,2
El Youssoufia,2
Sidi Youssef Ben Ali,2
Hay Al Kamal,2
Monica,2
Behair,2
Touabel,2
Najah,2
Hay Ennasr,2
Fes Jdid,2
Abattoirs,2
Tamraght,2
Bab Doukkala,2
Route de Fès,2
Beni Touzine,2
Hay Moulay Rachid 1,2
Le centre-ville,2
Inara,2
Hay essalam,2
Hay Moulay Rachid 6,2
Dar Mehrez,2
Alsace Lorraine,2
Hassania 2,2
Casabarata,2
Hay Al Bassatine,2
Mister Khouch,2
Lazrak,2
Alouane,2
Borj,2
Quartier Soufal,2
Bel Air - Val fleuri,2
Al Kodia,2
Nemsia,2
Sidi Belyout,2
Derb Ghalef,2
Gourziana,2
Cap spartel,2
Route d'Aeroport,2
La Hacienda,2
Bd Allal el fassi,2
Ain Sebaa,2
Dersa,2
La Cité,2
Hassania 3,2
Belle Vue,2
Founti,2
Talborjt,2
Hamza,2
Marchan,2
Founty,2
Zerhounia,2
Riad Salam,2
Ennasr,2
Route de Meknes,2
Route de Ouarzazate,2
Av des Far,2
Route d'Ourika,2
Akioud,2
Hay Mabrouka,2
Diour 10000,1
Imarat,1
Polo,1
Ittihad Arabi,1
Kawki,1
Hay M'barka,1
Hay Moulay Rachid 5,1
Hay Moulay Rachid 2,1
Ichara,1
Salama,1
Hay Essalama,1
Chbanat,1
Draoua,1
M'nar,1
Sidi Brahim,1
Laayoune,1
Ben Mohammed,1
Ben Dibane,1
Hay Tarik,1
Bir El Ghazi,1
Fadli,1
Fadlallah,1
Skala,1
Les chenes,1
Hay El Boughaz,1
Bab El Khemis,1
Iziki,1
Hay Moulay Rachid 3,1
Hay Zaytoun,1
Saâida 1 et 2,1
Jemaa El Fna,1
Mèdina,1
Lakhmis,1
Slaoui,1
Bab Aylan,1
Zone industrielle,1
Habous,1
Annaim,1
Firdaouss,1
Riyad Extension,1
Hay Al Wafaa,1
Hanaa 1,1
Lyrac,1
Industriel Nord,1
Ain kadous,1
Quods,1
Route Tayret,1
El Kasbah,1
Hay Riyad,1
Riyad,1
La belle vue,1
Al Kasaba,1
Hay Anas,1
Massar,1
Omar,1
Sidi Ghanem,1
El Mrabet,1
Hay fath,1
Wifaq,1
Vieille montagne,1
Al Warda,1
Charf,1
Mechouar,1
Hay Al Hassani,1
Sable d'or,1
Sidi Abdelkarim,1
Biyada,1
Hay Mesk Lil,1
El Massira,1
Nouveau Mellah,1
Al Kalaa,1
Sidi Bouzid,1
El Mers 1,1
Lalla Chafia,1
Sidi Talha,1
El Ghoul,1
Riad Essalam,1
Aarid,1
Haddad,1
PAM,1
Agadir Oufella,1
Al Bassatine,1
Torrota,1
Val d'Anfa,1
Taddart,1
Inbiaat,1
Benkirane,1
Tamouda,1
CGI,1
Ouled M'Barek,1
Zone Industrielle,1
Sidi AbdelKrim,1
Ihchach,1
Berrima,1
Wad El Bacha,1
Al Filline,1
Achennad,1
Kasbah,1
